1;Число Реализации - 1
;"Ваша задача в этом воплощении ? стать лидером и стратегом. У вас есть все силы для того, чтобы вести за собой других людей, даже если внутренне вы испытываете недовольство и сомневаетесь в своих способностях. Ваша энергия позволяет быстро решать самые сложные задачи в любых направлениях. Эту энергию нужно направлять в позитивное русло. Возможны этапы, когда вам придется столкнуться с одиночеством или с резким завершением тех проектов, которыми вы занимаетесь. 
У вас есть склонность к обнулению своих действий, наработанных достижений и качеств. Вам нужно понять, что обнуление происходит в том случае, если вы находитесь в негативном состоянии ума и не реализуете свой управленческий потенциал. Люди готовы идти за вами, потому что они чувствуют очень сильную энергию лидера. Не сопротивляйтесь собственному предназначению."
;
2;Число Реализации - 2
 ;"Вы отлично реализуетесь в построении крепких отношений. Вы лучше других понимаете людей и должны использовать это для достижения результата. Ваша деятельность должна быть направлена на помощь и заботу о других людях. Дипломатия, способность глубоко понимать людей и предмет, которым вы занимаетесь, ? это ваш дар, который вы должны реализовать в этой жизни.
Ни в коем случае не занимайтесь манипуляциями и интригами, которые направлены на разрушение отношений и других людей. Эти действия приведут вашу идею и реализацию в негативное состояние и разрушение. Цените людей и относитесь к ним с любовью и глубоким пониманием, потому что это является вашим основным козырем. Самых больших результатов в бизнесе и в профессиональном плане вы также способны достичь через партнерство и работу с людьми."
;
3;Число Реализации - 3
;"В этой жизни вам обязательно нужно что-то написать: книги, музыку, картины и так далее. Ваша задача ? это передача накопленных знаний другим людям через наставничество, литературу, курсы и любые другие способы. Помните о том, что вам нужно коллекционировать в большом объеме не вещи и хлам, а важные и полезные знания об этом мире. Люди с такой энергией становятся отличными продюсерами, организаторами проектов или писателями. 
Холодный анализ и расчет позволяет вам проявлять себя в роли отличного управленца. Вы можете стать банкиром, директором, Президентом, ? все зависит от ваших амбиций. Помните о том, что ваше управление должно быть справедливым. Накопленные знания являются вашим мощнейшим оружием для достижения всех целей. Не используйте мошеннические схемы для достижения результата, так как это приведет к разрушению проекта и всех накопленных успехов."
;
4;Число Реализации - 4
;"Основная ваша задача в этом воплощении ? создание нового, генерация идей и передача тайных знаний, накопленных вами в этой жизни. Используйте креатив во всех своих проектах, потому что именно вы способны создать нечто такое, чего в этом мире еще не существовало. Вами двигают идеи, и ради этих идей вы готовы идти на подвиги. Если в вашем теле нет энергии для реализации этих идей, может наступить депрессивный период. Выход из этой ситуации ? спорт и аскеза, чистота сознания. 
Если идеи покидают вас, и вы уходите от креативного процесса, ваше сознание создает для вас кризисные ситуации, которые провоцируют негативную энергию. Этот негатив может выражаться в общении с другими людьми, в ваших поступках и эмоциях. Желание произвести революцию ? это обратная сторона вашего постоянного стремления к новому. Наслаждайтесь реализацией свежих идей, направляйте свою энергию только на конструктив, и в этом случае вы всегда будете в плюсе."
;
5;Число Реализации - 5
;Вы пришли в этот мир, чтобы заработать много денег, организовать успешный бизнес и создать прочную финансовую структуру. Ваша энергия позволяет вам расширять всё, на что вы обращаете своё внимание. Способность находить общий язык с любым человеком и тяга к постоянной коммуникации и свободе - это ваши основные особенности, которые необходимо реализовать. При этом вы склонны заниматься несколькими проектами одновременно. Это может сыграть негативную роль, потому что вам нужно направить весь фокус внимания на достижение одной цели, прежде чем переходить к другой.
;Если ваша энергия коммуникатора не реализуется, вы можете стать слишком обидчивым и агрессивным человеком. Помните о том, что ваша реализация зависит только от вас, а не от других людей. Умение продавать, расширять и последовательно выстраивать стабильные структуры - это самые необходимые качества для построения успешного бизнеса. Не занимайтесь борьбой с этим миром, ищите новые возможности, которые незаметны другим людям.
;
6;Число Реализации - 6
;"Мудрость, успех и любовь ? те качества, через которые ваша душа хочет реализоваться в этом мире. Постепенно накапливая истинные знания и анализируя их, вы получаете возможность видеть суть вещей. Это же качество может привести вас к успеху, который вы разделите с другими людьми. Вы знаете, как прийти к успеху, при этом у вас есть тяга к тому, чтобы делать успешным всё своё окружение, так как вы с любовью относитесь к окружающим людям.
Обратная сторона этой энергии ? постоянное стремление к получению наслаждения. В радикальных формах это может выражаться в непостоянстве, лени, чревоугодии, алкоголизме и наркомании. Помните о том, что все эти вредные привычки понижают ваши вибрации и уровень энергии, отдаляя вас от успеха. Истинное счастье вы найдете только в мудрости, в дисциплине и в любви. Свое внимание также очень важно направить на то, чтобы каждый начатый проект был доведен до конца. Если вы что-то начали и не закончили, это дело будет ?висеть над вами?, как энергетический балласт, ухудшая состояние."
;
7;Число Реализации - 7
;"Реализация требует от вас становится популярным и востребованным человеком, который получает признание от окружающих. Ваша гениальность должна реализовываться через дисциплину ума и тела. Постоянные занятия спортом, йога и планирование каждого дня быстро приведет вас к максимальному успеху, звездности и реализации всех талантов. В вашей жизни должно найтись место для духовной проработки, потому что рост в этом направлении (через различные практики) приводит вас к успеху. 
Вы тот человек, который постоянно трансформирует себя и окружающих, но эта трансформация должна быть управляемой. Вы должны понимать, куда вы хотите прийти, когда и зачем. В ином случае вы будете проявлять непостоянство и непонимание ситуации, что будет создавать для вас и окружающих кризисы. Эти кризисы тоже нужны для трансформации, но ваша задача ? научиться управлять этим процессом и своей энергией через дисциплину. Не злоупотребляйте алкоголем, не используйте наркотики, потому что для вашей энергии это категорически запрещено."
;
8;Число Реализации - 8
;"Находясь в позитиве, вы работаете постоянно и круглосуточно. Вы ? настоящий трудоголик. Вам нужно понимать это, чтобы научиться делегировать и управлять. Не пытайтесь делать всё самостоятельно, потому что у вас есть физический предел. Только в контакте и в союзе с другими людьми, через построение компании и создание длительной стратегии, вы придете к тому результату, о котором мечтает ваша душа.
Так как вы хотите всё забрать себе и являетесь глубоко материальным человеком, вам необходимо научиться отдавать как деньги, так и другие ресурсы. Дело в том, что только научившись работать на отдачу, не думая о деньгах, вы приумножаете их в огромном количестве. Выстраивание стратегии и делегирование позволит вам очень быстро прийти к стабильному материальному состоянию, в котором вы нуждаетесь так, как никто другой. Обязательно научитесь отдыхать, наслаждаясь плодами своего труда."
;
9;Число Реализации - 9
;"Ваше справедливое отношение к окружающему миру и борьба провоцируют вас на конфликты, но вы должны помнить о том, что ваша реализация происходит через помощь людям и служение. Вы знаете конечный результат и доводите свои дела до конца. Это те сильные стороны, которые вам нужно применять для того, чтобы реализовывать свое предназначение. Ваша внутренняя энергия и самодисциплина могут мотивировать других людей работать, брать на себя сложные задачи, поэтому вы должны реализовываться через команду. 
У вас есть склонности постоянно строить и разрушать. В вас как в зеркале отражаются другие люди, поэтому вы очень быстро понимаете и видите, какую помощь нужно оказать в каждом конкретном случае. Ваше глубокое понимание всех процессов дает возможность правильного анализа и достижения истинных целей. Если вы с чем-то не согласны, не спешите критиковать и разрушать других людей. Помните, что вы пришли в этот мир помогать каждому реализовать свое предназначение."
